<assembly xmlns="http://maven.apache.org/plugins/maven-assembly-plugin/assembly/1.1.2"
          xmlns:xsi="http://www.w3.org/2001/XMLSchema-instance"
          xsi:schemaLocation="http://maven.apache.org/plugins/maven-assembly-plugin/assembly/1.1.2 http://maven.apache.org/xsd/assembly-1.1.2.xsd">

    <id>customAssembly</id>
    <formats>
        <format>dir</format>
    </formats>

    <includeBaseDirectory>false</includeBaseDirectory>

    <fileSets>
        <fileSet>
            <directory>src/main/resources/</directory>
            <outputDirectory>/resources</outputDirectory>
        </fileSet>
        <fileSet>
            <directory>src/main/plugins/</directory>
            <outputDirectory>/plugins</outputDirectory>
        </fileSet>
        <fileSet>
            <directory>bin/</directory>
            <outputDirectory>/bin</outputDirectory>
        </fileSet>
    </fileSets>

    <dependencySets>
        <dependencySet>
            <outputDirectory>/lib</outputDirectory>
            <scope>runtime</scope>
            <excludes>
                <exclude>${project.groupId}:${project.artifactId}</exclude>
            </excludes>
        </dependencySet>
        <dependencySet>
            <outputDirectory>/</outputDirectory>
            <includes>
                <include>${project.groupId}:${project.artifactId}</include>
            </includes>
        </dependencySet>
    </dependencySets>

</assembly>